number,localization_key,english,badini_kurdish,feature,context,placeholders,translator_notes
1,actionUnavailable,This action will be available in a future release.,,Shared / Home,ARB source,,
2,addPatient,Add family member,,Patient Profiles,ARB source,,
3,addToMyDoctors,Add to My Doctors,,Doctors,ARB source,,
4,alerts,Alerts,,Shared / Home,ARB source,,
5,alertsBody,Important appointment and clinic updates will appear here in a future release.,,Shared / Home,ARB source,,
6,alertsTitle,Alerts are coming soon,,Shared / Home,ARB source,,
7,appName,Saxlem,,Shared / Home,ARB source,,
8,appointmentConfirmed,Appointment confirmed,,Appointments,ARB source,,
9,appointmentDetails,Appointment Details,,Appointments,ARB source,,
10,appointmentId,Appointment ID,,Appointments,ARB source,,
11,appointmentIdValue,Appointment ID {id},,Appointments,ARB source,id,Preserve placeholders exactly.
12,appointments,Appointments,,Appointments,ARB source,,
13,appointmentsLoadFailed,We could not load your appointments.,,Appointments,ARB source,,
14,arabic,Arabic,,Shared / Home,ARB source,,
15,authUnavailable,Phone verification is not available in this build yet.,,Shared / Home,ARB source,,
16,badiniKurdish,Badini Kurdish,,Shared / Home,ARB source,,
17,book,Book,,Shared / Home,ARB source,,
18,bookAgain,Book Again,,Shared / Home,ARB source,,
19,bookAppointment,Book appointment,,Appointments,ARB source,,
20,bookingFor,Booking For,,Booking,ARB source,,
21,bookingUnavailable,Booking unavailable,,Booking,ARB source,,
22,cancelled,Cancelled,,Shared / Home,ARB source,,
23,changeNumber,Change number,,Shared / Home,ARB source,,
24,chooseAppointment,Choose an appointment,,Appointments,ARB source,,
25,chooseClinic,Choose a clinic,,Shared / Home,ARB source,,
26,chooseDate,Choose a date,,Shared / Home,ARB source,,
27,chooseLanguage,Choose your language,,Localization,ARB source,,
28,choosePatient,Choose Patient,,Patient Profiles,ARB source,,
29,chooseTime,Choose a time,,Shared / Home,ARB source,,
30,clearFilters,Clear filters,,Shared / Home,ARB source,,
31,clinic,Clinic,,Shared / Home,ARB source,,
32,completed,Completed,,Shared / Home,ARB source,,
33,confirmAppointment,Confirm appointment,,Appointments,ARB source,,
34,confirmingAppointment,Confirming appointment,,Appointments,ARB source,,
35,consultationMinutes,{minutes} min consultation,,Shared / Home,ARB source,minutes,Preserve placeholders exactly.
36,continueAsGuest,Continue as Guest,,Shared / Home,ARB source,,
37,continueLabel,Continue,,Shared / Home,ARB source,,
38,country,Country,,Shared / Home,ARB source,,
39,currentPatient,Current Patient,,Patient Profiles,ARB source,,
40,date,Date,,Shared / Home,ARB source,,
41,dateOfBirth,Date of birth,,Shared / Home,ARB source,,
42,deleteNotification,Delete notification,,Notifications,ARB source,,
43,developmentCodeHint,Development code: {code},,Shared / Home,ARB source,code,Preserve placeholders exactly.
44,discover,Discover,,Shared / Home,ARB source,,
45,discoverDoctors,Discover Doctors,,Doctors,ARB source,,
46,doctorProfile,Doctor Profile,,Doctors,ARB source,,
47,doctorStatus,Doctor status,,Doctors,ARB source,,
48,duration,Duration,,Shared / Home,ARB source,,
49,earlier,Earlier,,Shared / Home,ARB source,,
50,emptyAppointmentsBody,Your appointments in this category will appear here.,,Appointments,ARB source,,
51,emptyAppointmentsTitle,Nothing here right now,,Appointments,ARB source,,
52,english,English,,Shared / Home,ARB source,,
53,estimatedWait,Estimated wait,,Shared / Home,ARB source,,
54,estimatedWaitMinutes,Estimated wait: {minutes} min,,Shared / Home,ARB source,minutes,Preserve placeholders exactly.
55,fee,Fee,,Shared / Home,ARB source,,
56,filters,Filters,,Shared / Home,ARB source,,
57,findRightCare,Find the right care,,Shared / Home,ARB source,,
58,findRightCareBody,Search in everyday words. We'll help you find doctors who may be able to help.,,Shared / Home,ARB source,,
59,firstAppointmentBody,Book your first visit with a trusted doctor.,,Appointments,ARB source,,
60,firstAppointmentTitle,Your care starts here,,Appointments,ARB source,,
61,firstName,First name,,Shared / Home,ARB source,,
62,gender,Gender,,Shared / Home,ARB source,,
63,goodAfternoon,"Good afternoon,",,Shared / Home,ARB source,,
64,goodEvening,"Good evening,",,Shared / Home,ARB source,,
65,goodMorning,"Good morning,",,Shared / Home,ARB source,,
66,goToAppointments,Go to My Appointments,,Appointments,ARB source,,
67,guestMode,Guest mode,,Shared / Home,ARB source,,
68,guestModeMessage,"You can explore Saxlem, but booking and personal appointments require verification.",,Shared / Home,ARB source,,
69,home,Home,,Shared / Home,ARB source,,
70,informationalScreen,Informational screen,,Shared / Home,ARB source,,
71,iqdAmount,{amount} IQD,,Shared / Home,ARB source,amount,Preserve placeholders exactly.
72,iraq,Iraq,,Shared / Home,ARB source,,
73,languageCanChange,You can change this later in your profile.,,Localization,ARB source,,
74,languageSaveFailed,We couldn't save your language. Please try again.,,Localization,ARB source,,
75,lastName,Last name,,Shared / Home,ARB source,,
76,live,LIVE,,Shared / Home,ARB source,,
77,liveQueue,Live queue,,Live Queue,ARB source,,
78,loadingAppointments,Loading your appointments,,Appointments,ARB source,,
79,loadingBooking,Loading booking options,,Booking,ARB source,,
80,logOut,Log out,,Shared / Home,ARB source,,
81,minutesLong,{minutes} minutes,,Shared / Home,ARB source,minutes,Preserve placeholders exactly.
82,minutesShort,min,,Shared / Home,ARB source,,
83,myAppointments,My Appointments,,Appointments,ARB source,,
84,notificationAlmostTurn,You're almost next,,Notifications,ARB source,,
85,notificationAlmostTurnHappened,Your current number is {number}.,,Notifications,ARB source,number,Preserve placeholders exactly.
86,notificationAlmostTurnNext,Please head to reception and stay nearby.,,Notifications,ARB source,,
87,notificationAlmostTurnWhy,The queue has moved closer to your turn.,,Notifications,ARB source,,
88,notificationBookingHappened,Your appointment with {doctor} is confirmed.,,Notifications,ARB source,doctor,Preserve placeholders exactly.
89,notificationBookingNext,Review the appointment details and arrive at the recommended time.,,Notifications,ARB source,,
90,notificationBookingWhy,The clinic accepted your booking request.,,Notifications,ARB source,,
91,notificationDetails,Notification details,,Notifications,ARB source,,
92,notificationGeneralHappened,There is a new update about your care.,,Notifications,ARB source,,
93,notificationGeneralNext,Review the update and follow any instructions shown.,,Notifications,ARB source,,
94,notificationGeneralWhy,New information became available.,,Notifications,ARB source,,
95,notificationQueueOpened,Your queue is open,,Notifications,ARB source,,
96,notificationQueueOpenedHappened,The live queue for {doctor} is now available.,,Notifications,ARB source,doctor,Preserve placeholders exactly.
97,notificationQueueOpenedNext,Open Live Queue when you are ready to follow your place.,,Notifications,ARB source,,
98,notificationQueueOpenedWhy,The clinic has started today's patient queue.,,Notifications,ARB source,,
99,notificationReservedHappened,Your appointment check-in was updated.,,Notifications,ARB source,,
100,notificationReservedNext,Please wait for guidance from reception.,,Notifications,ARB source,,
101,notificationReservedType,Appointment update,,Notifications,ARB source,,
102,notificationReservedWhy,The clinic recorded your arrival.,,Notifications,ARB source,,
103,notifications,Notifications,,Notifications,ARB source,,
104,notificationsEmpty,You're all caught up,,Notifications,ARB source,,
105,notificationsEmptyBody,"Appointment, clinic, and queue updates will appear here.",,Notifications,ARB source,,
106,notificationsUnavailable,Notifications are unavailable,,Notifications,ARB source,,
107,notificationsUnavailableBody,We couldn't load your updates. Please try again.,,Notifications,ARB source,,
108,notificationTimeEarlier,Updated earlier,,Notifications,ARB source,,
109,notificationTimeJustNow,Updated just now,,Notifications,ARB source,,
110,notificationTimeMinutesAgo,Updated {minutes} minutes ago,,Notifications,ARB source,minutes,Preserve placeholders exactly.
111,notificationUpdates,{count} queue updates,,Notifications,ARB source,count,Preserve placeholders exactly.
112,notificationWelcome,Welcome to Saxlem,,Notifications,ARB source,,
113,notificationWelcomeHappened,Your Saxlem experience is ready.,,Notifications,ARB source,,
114,notificationWelcomeNext,Explore trusted doctors and keep your care organized.,,Notifications,ARB source,,
115,notificationWelcomeWhy,You started using Saxlem on this device.,,Notifications,ARB source,,
116,openHealthcareSearch,Open healthcare search,,Shared / Home,ARB source,,
117,openLiveQueue,Open Live Queue,,Live Queue,ARB source,,
118,openSearchFilters,Open search filters,,Shared / Home,ARB source,,
119,otpBody,We sent a 6-digit code to {phone}.,,Authentication,ARB source,phone,Preserve placeholders exactly.
120,otpExpired,This code has expired. Request a new one.,,Authentication,ARB source,,
121,otpHint,Enter 6 digits,,Authentication,ARB source,,
122,otpInvalid,That code is not correct. Please try again.,,Authentication,ARB source,,
123,otpLabel,6-digit verification code,,Authentication,ARB source,,
124,otpLimited,Too many attempts. Please request a new code.,,Authentication,ARB source,,
125,otpTitle,Enter your code,,Authentication,ARB source,,
126,patientGender,"{gender, select, female {Female} male {Male} other {Not specified}}",,Patient Profiles,ARB source,"gender,Female,Male,Not",Preserve placeholders exactly.
127,patientRelationship,"{relationship, select, mother {Mother} father {Father} wife {Wife} husband {Husband} son {Son} daughter {Daughter} brother {Brother} sister {Sister} grandfather {Grandfather} grandmother {Grandmother} me {Me} other {Other}}",,Patient Profiles,ARB source,"relationship,Mother,Father,Wife,Husband,Son,Daughter,Brother,Sister,Grandfather,Grandmother,Me,Other",Preserve placeholders exactly.
128,patientsAhead,Patients ahead,,Patient Profiles,ARB source,,
129,personalizedFeatureBody,Sign in with your mobile number to use appointments and other personalized care features.,,Shared / Home,ARB source,,
130,personalizedFeatureTitle,Verification required,,Shared / Home,ARB source,,
131,phoneBody,We'll send a one-time code to securely verify your number.,,Authentication,ARB source,,
132,phoneHint,750 123 4567,,Authentication,ARB source,,
133,phoneInvalid,Enter a valid Iraqi mobile number.,,Authentication,ARB source,,
134,phoneNumber,Mobile number,,Authentication,ARB source,,
135,phoneTitle,Your mobile number,,Authentication,ARB source,,
136,popularSpecialties,Popular specialties,,Shared / Home,ARB source,,
137,profile,Profile,,Shared / Home,ARB source,,
138,profileBody,"You'll be able to manage your details, language, and care preferences here.",,Shared / Home,ARB source,,
139,profileTitle,Your profile is coming soon,,Shared / Home,ARB source,,
140,queueAvailableToday,Live Queue is available for today's appointment.,,Live Queue,ARB source,,
141,queueNotReady,Your queue entry is not ready yet. We'll update this appointment when it becomes available.,,Live Queue,ARB source,,
142,queueOpensAppointmentDay,Queue opens on appointment day.,,Appointments,ARB source,,
143,queueUpdates,Queue updates,,Live Queue,ARB source,,
144,quickCategories,Quick categories,,Shared / Home,ARB source,,
145,rateVisit,Rate Visit,,Shared / Home,ARB source,,
146,recommendedDoctors,Recommended doctors,,Doctors,ARB source,,
147,relationship,Relationship,,Shared / Home,ARB source,,
148,removeFromMyDoctors,Remove from My Doctors,,Doctors,ARB source,,
149,resendCode,Resend code,,Shared / Home,ARB source,,
150,resendIn,Resend in {seconds}s,,Shared / Home,ARB source,seconds,Preserve placeholders exactly.
151,returnHome,Return Home,,Shared / Home,ARB source,,
152,reviewAppointment,Review appointment,,Appointments,ARB source,,
153,savingLanguage,Saving language,,Localization,ARB source,,
154,searchHint,"Search doctors, clinics or specialties",,Shared / Home,ARB source,,
155,seeAll,See all,,Shared / Home,ARB source,,
156,sendCode,Send code,,Shared / Home,ARB source,,
157,sessionExpiredBody,Verify your number again to continue securely.,,Authentication,ARB source,,
158,sessionExpiredTitle,Your session has expired,,Authentication,ARB source,,
159,sortResults,Sort results,,Shared / Home,ARB source,,
160,status,Status,,Shared / Home,ARB source,,
161,tabWithCount,{label} ({count}),,Shared / Home,ARB source,"label,count",Preserve placeholders exactly.
162,time,Time,,Shared / Home,ARB source,,
163,timeUnavailable,Time unavailable,,Shared / Home,ARB source,,
164,today,Today,,Shared / Home,ARB source,,
165,tryAgain,Try again,,Shared / Home,ARB source,,
166,unread,Unread,,Shared / Home,ARB source,,
167,unreadNotifications,{count} unread,,Notifications,ARB source,count,Preserve placeholders exactly.
168,upcoming,Upcoming,,Shared / Home,ARB source,,
169,verify,Verify and continue,,Shared / Home,ARB source,,
170,verifyNumber,Verify my number,,Shared / Home,ARB source,,
171,viewAppointment,View Appointment,,Appointments,ARB source,,
172,viewDoctor,View Doctor,,Doctors,ARB source,,
173,viewLiveQueue,View live queue,,Live Queue,ARB source,,
174,viewProfile,View profile,,Shared / Home,ARB source,,
175,viewUpdate,View update,,Shared / Home,ARB source,,
176,welcomeAppointments,Keep your care organized,,Authentication,ARB source,,
177,welcomeBody,"Saxlem brings trusted care, appointments, and live clinic updates into one calm experience.",,Authentication,ARB source,,
178,welcomeBook,Find and book trusted doctors,,Authentication,ARB source,,
179,welcomeQueue,Understand your place in the live queue,,Authentication,ARB source,,
180,welcomeTitle,"Healthcare, made clearer",,Authentication,ARB source,,
181,welcomeTrust,Built for patients across Kurdistan and Iraq,,Authentication,ARB source,,
182,whatHappened,What happened,,Shared / Home,ARB source,,
183,whatToDoNext,What to do next,,Shared / Home,ARB source,,
184,whyItHappened,Why,,Shared / Home,ARB source,,
185,yourNumber,Your Number,,Shared / Home,ARB source,,
186,filterNeighborhood,Neighborhood,,Shared / Home,Hardcoded at mobile/lib/features/discover/presentation/pages/discover_page.dart:324,,Move into ARB.
187,filterDoctorGender,Doctor gender,,Doctors,Hardcoded at mobile/lib/features/discover/presentation/pages/discover_page.dart:354,,Move into ARB.
188,filterLanguages,Languages,,Localization,Hardcoded at mobile/lib/features/discover/presentation/pages/discover_page.dart:372,,Move into ARB.
189,availableToday,Available today,,Shared / Home,Hardcoded at mobile/lib/features/discover/presentation/pages/discover_page.dart:392,,Move into ARB.
190,availableNow,Available now,,Shared / Home,Hardcoded at mobile/lib/features/discover/presentation/pages/discover_page.dart:398,,Move into ARB.
191,verifiedDoctorsOnly,Verified doctors only,,Doctors,Hardcoded at mobile/lib/features/discover/presentation/pages/discover_page.dart:404,,Move into ARB.
192,shortestExpectedWait,Shortest expected wait,,Shared / Home,Hardcoded at mobile/lib/features/discover/presentation/pages/discover_page.dart:410,,Move into ARB.
193,maximumFee,Maximum fee: {amount},,Shared / Home,Hardcoded at mobile/lib/features/discover/presentation/pages/discover_page.dart:417,amount,Move into ARB.
194,showDoctors,Show doctors,,Doctors,Hardcoded at mobile/lib/features/discover/presentation/pages/discover_page.dart:430,,Move into ARB.
195,loadingLiveQueue,Loading your live queue,,Live Queue,Hardcoded at mobile/lib/features/live_queue/presentation/widgets/live_queue_loading_view.dart:10,,Move into ARB.
196,offlineQueueUnavailable,You are offline and no saved queue update is available.,,Live Queue,Hardcoded at mobile/lib/features/live_queue/presentation/pages/live_queue_page.dart:101,,Move into ARB.
197,queueStatusSemantic,Queue status: {status},,Live Queue,Hardcoded at mobile/lib/features/live_queue/presentation/widgets/queue_status_indicator.dart:30,status,Move into ARB.
198,durationMinutes,{duration} min,,Shared / Home,Hardcoded at mobile/lib/features/booking/presentation/widgets/clinic_option_card.dart:43,duration,Move into ARB.

